{
  "Symbol":{
    "4":"USO",
    "2":"TLT",
    "5":"SLV",
    "1":"XLE",
    "0":"GLD",
    "3":"SPY"
  },
  "Name":{
    "4":"USO (Oil ETF)",
    "2":"TLT (20+ Year Treasury)",
    "5":"SLV (Silver ETF)",
    "1":"XLE (Energy Sector)",
    "0":"GLD (Gold ETF)",
    "3":"SPY (S&P 500)"
  },
  "Type":{
    "4":"commodity",
    "2":"bonds",
    "5":"commodity",
    "1":"sector",
    "0":"commodity",
    "3":"equity"
  },
  "Expectation":{
    "4":"cyclical",
    "2":"mean_reversion",
    "5":"volatile_cyclical",
    "1":"cyclical",
    "0":"cyclical",
    "3":"poor"
  },
  "Strategy Return %":{
    "4":-63.9380578692,
    "2":127.6087340742,
    "5":237.3890304288,
    "1":128.9125120957,
    "0":56.1463957213,
    "3":122.9655463219
  },
  "Buy Hold Return %":{
    "4":-86.3953138761,
    "2":117.5354506122,
    "5":373.8361800163,
    "1":698.0221283805,
    "0":823.1406649247,
    "3":2624.737119706
  },
  "Excess Return %":{
    "4":22.4572560069,
    "2":10.073283462,
    "5":-136.4471495874,
    "1":-569.1096162848,
    "0":-766.9942692034,
    "3":-2501.771573384
  },
  "Strategy Sharpe":{
    "4":-0.5755477562,
    "2":0.1201781241,
    "5":0.1559973961,
    "1":0.0835583647,
    "0":0.0365357612,
    "3":0.0562883642
  },
  "Win Rate %":{
    "4":66.6666666667,
    "2":58.6538461538,
    "5":47.191011236,
    "1":71.6312056738,
    "0":70.8571428571,
    "3":77.7108433735
  },
  "Total Trades":{
    "4":159,
    "2":104,
    "5":89,
    "1":141,
    "0":175,
    "3":166
  },
  "Years":{
    "4":19.4496919918,
    "2":23.1485284052,
    "5":19.394934976,
    "1":26.7433264887,
    "0":20.8323066393,
    "3":32.6379192334
  },
  "Max Drawdown %":{
    "4":-79.6210345433,
    "2":-42.8438972177,
    "5":-78.7711875473,
    "1":-61.0001561461,
    "0":-14.6793311747,
    "3":-32.8669168328
  },
  "Volatility %":{
    "4":12.35141136,
    "2":13.4536260091,
    "5":28.6591971868,
    "1":13.7051710181,
    "0":4.4379116014,
    "3":8.6558535784
  }
}